onset	duration	trial_type	response_time	raw_time	reward_prob	category_ground	reward_ground	stimulus_entropy	exemplar_numb	category_response	correct	reward	boundary_distance	prototype_distance
0.0	0.0	999.0	0.0	31265.02339351632	0.0	0.0	0.0	0.0	0.0	0.0	0.0	0.0	0.0	0.0
0.0	1.5118808901497687	999.0	0.0	31266.53527440647	0.0	0.0	0.0	0.0	0.0	0.0	0.0	0.0	0.0	0.0
0.0	3.008138332024828	999.0	0.0	31268.031531848344	0.0	0.0	0.0	0.0	0.0	0.0	0.0	0.0	0.0	0.0
0.0	4.504278050168068	999.0	0.0	31269.527671566488	0.0	0.0	0.0	0.0	0.0	0.0	0.0	0.0	0.0	0.0
4.549872978263011	0.0	3.0	0.0	31269.573266494583	1.0	1.0	1.0	11.0	65.0	0.0	0.0	0.0	0.0	0.0
4.5665206229896285	4.5	2.0	0.0	31269.58991413931	1.0	1.0	1.0	11.0	65.0	0.0	0.0	0.0	0.0	0.0
9.014617588705732	2.0	1.0	1.2645751042146003	31274.038011105025	1.0	1.0	1.0	11.0	65.0	2.0	2.0	0.0	0.0	0.4
11.01372319021175	5.5	2.0	0.0	31276.03711670653	1.0	1.0	1.0	11.0	65.0	0.0	0.0	0.0	0.0	0.0
16.511261707753874	0.75	5.0	0.0	31281.534655224074	1.0	1.0	1.0	11.0	65.0	2.0	2.0	0.0	0.0	0.4
17.254278050168068	6.75	0.0	0.0	31282.30094494338	1.0	1.0	1.0	11.0	65.0	0.0	0.0	0.0	0.0	0.0
24.007931484542496	0.0	3.0	0.0	31289.031325000862	1.0	1.0	1.0	5.0	88.0	0.0	0.0	0.0	0.97	0.0
24.024549547408242	4.5	2.0	0.0	31289.047943063728	1.0	1.0	1.0	5.0	88.0	0.0	0.0	0.0	0.97	0.0
28.505932746902545	2.0	1.0	1.278379569928802	31293.529326263222	1.0	1.0	1.0	5.0	88.0	2.0	2.0	0.0	0.97	0.2
30.50503834840856	1.0	2.0	0.0	31295.52843186473	1.0	1.0	1.0	5.0	88.0	0.0	0.0	0.0	0.97	0.0
31.504588583389705	0.75	5.0	0.0	31296.52798209971	1.0	1.0	1.0	5.0	88.0	2.0	2.0	0.0	0.97	0.2
32.25427805016807	2.25	0.0	0.0	31297.2942576318	1.0	1.0	1.0	5.0	88.0	0.0	0.0	0.0	0.97	0.0
34.519917722336686	0.0	3.0	0.0	31299.543311238656	0.25	2.0	0.0	11.0	62.0	0.0	0.0	0.0	0.0	0.0
34.536508618188236	3.0	2.0	0.0	31299.559902134508	0.25	2.0	0.0	11.0	62.0	0.0	0.0	0.0	0.0	0.0
37.51858502933828	2.0	1.0	1.3686386557092192	31302.541978545658	0.25	2.0	0.0	11.0	62.0	2.0	1.0	0.0	0.0	0.6
39.51766467125344	2.5	2.0	0.0	31304.541058187573	0.25	2.0	0.0	11.0	62.0	0.0	0.0	0.0	0.0	0.0
42.01657633046125	0.75	5.0	0.0	31307.03996984678	0.25	2.0	0.0	11.0	62.0	2.0	1.0	0.0	0.0	0.6
42.75427805016807	2.25	0.0	0.0	31307.806241454746	0.25	2.0	0.0	11.0	62.0	0.0	0.0	0.0	0.0	0.0
45.0152439393205	0.0	3.0	0.0	31310.03863745564	0.75	2.0	0.0	5.0	32.0	0.0	0.0	0.0	0.97	0.0
45.031826081354666	1.5	2.0	0.0	31310.055219597674	0.75	2.0	0.0	5.0	32.0	0.0	0.0	0.0	0.97	0.0
46.51457729096728	2.0	1.0	0.7013859864746337	31311.537970807287	0.75	2.0	0.0	5.0	32.0	2.0	1.0	0.0	0.97	0.8
48.51367504422524	4.0	2.0	0.0	31313.537068560545	0.75	2.0	0.0	5.0	32.0	0.0	0.0	0.0	0.97	0.0
52.511895604762685	0.75	5.0	0.0	31317.535289121082	0.75	2.0	0.0	5.0	32.0	2.0	1.0	0.0	0.97	0.8
53.25427805016807	5.25	0.0	0.0	31318.301570992142	0.75	2.0	0.0	5.0	32.0	0.0	0.0	0.0	0.97	0.0
58.50923172805051	0.0	3.0	0.0	31323.53262524437	0.0	1.0	0.0	11.0	55.0	0.0	0.0	0.0	0.0	0.0
58.525850998335955	6.0	2.0	0.0	31323.549244514656	0.0	1.0	0.0	11.0	55.0	0.0	0.0	0.0	0.0	0.0
64.50656181422164	2.0	1.0	0.7558679250869318	31329.52995533054	0.0	1.0	0.0	11.0	55.0	2.0	2.0	0.0	0.0	0.4
66.50566620830432	2.5	2.0	0.0	31331.529059724624	0.0	1.0	0.0	11.0	55.0	0.0	0.0	0.0	0.0	0.0
69.00455220977528	0.75	5.0	0.0	31334.027945726095	0.0	1.0	0.0	11.0	55.0	2.0	2.0	0.0	0.0	0.4
69.75427805016807	8.25	0.0	0.0	31334.794221258184	0.0	1.0	0.0	11.0	55.0	0.0	0.0	0.0	0.0	0.0
78.01720751076937	0.0	3.0	0.0	31343.04060102709	1.0	2.0	1.0	5.0	17.0	0.0	0.0	0.0	0.97	0.0
78.03379901032895	1.5	2.0	0.0	31343.05719252665	1.0	2.0	1.0	5.0	17.0	0.0	0.0	0.0	0.97	0.0
79.51654025870448	2.0	1.0	1.065532952779904	31344.539933775024	1.0	2.0	1.0	5.0	17.0	1.0	2.0	0.0	0.97	0.2
81.51563408783841	1.0	2.0	0.0	31346.539027604158	1.0	2.0	1.0	5.0	17.0	0.0	0.0	0.0	0.97	0.0
82.51520183044704	0.75	5.0	0.0	31347.538595346767	1.0	2.0	1.0	5.0	17.0	1.0	2.0	0.0	0.97	0.2
83.25427805016807	5.25	0.0	0.0	31348.304865445454	1.0	2.0	1.0	5.0	17.0	0.0	0.0	0.0	0.97	0.0
88.5125313129065	0.0	3.0	0.0	31353.535924829226	0.5	2.0	0.0	11.0	84.0	0.0	0.0	0.0	0.0	0.0
88.52910862525096	3.0	2.0	0.0	31353.55250214157	0.5	2.0	0.0	11.0	84.0	0.0	0.0	0.0	0.0	0.0
91.51119801620007	2.0	1.0	1.1507785169342242	31356.53459153252	0.5	2.0	0.0	11.0	84.0	2.0	1.0	0.0	0.0	0.6
93.51029063791066	1.0	2.0	0.0	31358.53368415423	0.5	2.0	0.0	11.0	84.0	0.0	0.0	0.0	0.0	0.0
94.50985687124194	0.75	5.0	0.0	31359.53325038756	0.5	2.0	0.0	11.0	84.0	2.0	1.0	0.0	0.0	0.6
95.25427805016807	2.25	0.0	0.0	31360.299522599238	0.5	2.0	0.0	11.0	84.0	0.0	0.0	0.0	0.0	0.0
97.50852236711216	0.0	3.0	0.0	31362.53191588343	0.25	1.0	0.0	0.0	16.0	0.0	0.0	0.0	1.65	0.0
97.52512926131385	4.5	2.0	0.0	31362.548522777633	0.25	1.0	0.0	0.0	16.0	0.0	0.0	0.0	1.65	0.0
102.00652302576054	2.0	1.0	0.8151068079678225	31367.02991654208	0.25	1.0	0.0	0.0	16.0	1.0	1.0	0.0	1.65	1.0
104.00562681613155	1.0	2.0	0.0	31369.02902033245	0.25	1.0	0.0	0.0	16.0	0.0	0.0	0.0	1.65	0.0
105.0051815789484	0.75	5.0	0.0	31370.028575095268	0.25	1.0	0.0	0.0	16.0	1.0	1.0	0.0	1.65	1.0
105.75427805016807	2.25	0.0	0.0	31370.794847306945	0.25	1.0	0.0	0.0	16.0	0.0	0.0	0.0	1.65	0.0
108.0205064919137	0.0	3.0	0.0	31373.043900008233	0.75	1.0	1.0	5.0	8.0	0.0	0.0	0.0	0.97	0.0
108.03710131188927	1.5	2.0	0.0	31373.06049482821	0.75	1.0	1.0	5.0	8.0	0.0	0.0	0.0	0.97	0.0
109.51984165469548	2.0	1.0	0.837979925032414	31374.543235171015	0.75	1.0	1.0	5.0	8.0	2.0	2.0	0.0	0.97	0.2
111.51893427640607	2.5	2.0	0.0	31376.542327792726	0.75	1.0	1.0	5.0	8.0	0.0	0.0	0.0	0.97	0.0
114.01782903169442	0.75	5.0	0.0	31379.041222548014	0.75	1.0	1.0	5.0	8.0	2.0	2.0	0.0	0.97	0.2
114.75427805016807	8.25	0.0	0.0	31379.80752585083	0.75	1.0	1.0	5.0	8.0	0.0	0.0	0.0	0.97	0.0
123.01382763229049	0.0	3.0	0.0	31388.03722114861	0.75	1.0	1.0	11.0	65.0	0.0	0.0	0.0	0.0	0.0
123.03040434092327	3.0	2.0	0.0	31388.053797857243	0.75	1.0	1.0	11.0	65.0	0.0	0.0	0.0	0.0	0.0
126.0124958448614	2.0	1.0	0.9048491167595785	31391.03588936118	0.75	1.0	1.0	11.0	65.0	2.0	2.0	0.0	0.0	0.4
128.01160114450977	5.5	2.0	0.0	31393.03499466083	0.75	1.0	1.0	11.0	65.0	0.0	0.0	0.0	0.0	0.0
133.50915233999694	0.75	5.0	0.0	31398.532545856317	0.75	1.0	1.0	11.0	65.0	2.0	2.0	0.0	0.0	0.4
134.25427805016807	2.25	0.0	0.0	31399.29882380325	0.75	1.0	1.0	11.0	65.0	0.0	0.0	0.0	0.0	0.0
136.5078274952466	0.0	3.0	0.0	31401.531221011566	0.5	2.0	0.0	0.0	57.0	0.0	0.0	0.0	1.65	0.0
136.52442986161623	4.5	2.0	0.0	31401.547823377936	0.5	2.0	0.0	0.0	57.0	0.0	0.0	0.0	1.65	0.0
141.00581517409955	2.0	1.0	0.7428416434195242	31406.02920869042	0.5	2.0	0.0	0.0	57.0	2.0	1.0	0.0	1.65	1.0
143.00491987003988	5.5	2.0	0.0	31408.02831338636	0.5	2.0	0.0	0.0	57.0	0.0	0.0	0.0	1.65	0.0
148.51912987891046	0.75	5.0	0.0	31413.54252339523	0.5	2.0	0.0	0.0	57.0	2.0	1.0	0.0	1.65	1.0
149.25427805016807	3.75	0.0	0.0	31414.308778702987	0.5	2.0	0.0	0.0	57.0	0.0	0.0	0.0	1.65	0.0
153.01712691529247	0.0	3.0	0.0	31418.040520431612	0.25	1.0	1.0	11.0	58.0	0.0	0.0	0.0	0.0	0.0
153.03370815176095	4.5	2.0	0.0	31418.05710166808	0.25	1.0	1.0	11.0	58.0	0.0	0.0	0.0	0.0	0.0
157.51512757394084	2.0	1.0	0.7527582074799284	31422.53852109026	0.25	1.0	1.0	11.0	58.0	2.0	2.0	0.0	0.0	0.4
159.5142416274066	4.0	2.0	0.0	31424.537635143726	0.25	1.0	1.0	11.0	58.0	0.0	0.0	0.0	0.0	0.0
163.51245192485294	0.75	5.0	0.0	31428.535845441173	0.25	1.0	1.0	11.0	58.0	2.0	2.0	0.0	0.0	0.4
164.25427805016807	3.75	0.0	0.0	31429.30212610481	0.25	1.0	1.0	11.0	58.0	0.0	0.0	0.0	0.0	0.0
168.01044896123494	0.0	3.0	0.0	31433.033842477555	0.75	1.0	1.0	5.0	44.0	0.0	0.0	0.0	0.97	0.0
168.0270501201776	3.0	2.0	0.0	31433.050443636497	0.75	1.0	1.0	5.0	44.0	0.0	0.0	0.0	0.97	0.0
171.0091150608132	2.0	1.0	0.7785137447972375	31436.032508577133	0.75	1.0	1.0	5.0	44.0	2.0	2.0	0.0	0.97	0.2
173.00821975675353	1.0	2.0	0.0	31438.031613273073	0.75	1.0	1.0	5.0	44.0	0.0	0.0	0.0	0.97	0.0
174.0077748214244	0.75	5.0	0.0	31439.031168337744	0.75	1.0	1.0	5.0	44.0	2.0	2.0	0.0	0.97	0.2
174.75427805016807	6.75	0.0	0.0	31439.797438738286	0.75	1.0	1.0	5.0	44.0	0.0	0.0	0.0	0.97	0.0
181.50445787986246	0.0	3.0	0.0	31446.527851396182	0.5	1.0	0.0	5.0	96.0	0.0	0.0	0.0	0.97	0.0
181.52103941818496	1.5	2.0	0.0	31446.544432934505	0.5	1.0	0.0	5.0	96.0	0.0	0.0	0.0	0.97	0.0
183.02043072613014	2.0	1.0	0.7196917246619705	31448.04382424245	0.5	1.0	0.0	5.0	96.0	2.0	2.0	0.0	0.97	0.2
185.0195176125817	2.5	2.0	0.0	31450.0429111289	0.5	1.0	0.0	5.0	96.0	0.0	0.0	0.0	0.97	0.0
187.51842866807783	0.75	5.0	0.0	31452.541822184397	0.5	1.0	0.0	5.0	96.0	2.0	2.0	0.0	0.97	0.2
188.25427805016807	3.75	0.0	0.0	31453.308082321844	0.5	1.0	0.0	5.0	96.0	0.0	0.0	0.0	0.97	0.0
192.01642147847815	0.0	3.0	0.0	31457.039814994798	0.5	1.0	1.0	0.0	50.0	0.0	0.0	0.0	1.65	0.0
192.03300060195397	3.0	2.0	0.0	31457.056394118274	0.5	1.0	1.0	0.0	50.0	0.0	0.0	0.0	1.65	0.0
195.01508757806005	2.0	1.0	0.9722864009527257	31460.03848109438	0.5	1.0	1.0	0.0	50.0	1.0	1.0	0.0	1.65	1.0
197.01417657750062	1.0	2.0	0.0	31462.03757009382	0.5	1.0	1.0	0.0	50.0	0.0	0.0	0.0	1.65	0.0
198.01374220712023	0.75	5.0	0.0	31463.03713572344	0.5	1.0	1.0	0.0	50.0	1.0	1.0	1.0	1.65	1.0
198.75427805016807	6.75	0.0	0.0	31463.803430876153	0.5	1.0	1.0	0.0	50.0	0.0	0.0	0.0	1.65	0.0
205.5104089653505	0.0	3.0	0.0	31470.53380248167	0.25	2.0	0.0	11.0	28.0	0.0	0.0	0.0	0.0	0.0
205.5270209911032	6.0	2.0	0.0	31470.550414507423	0.25	2.0	0.0	11.0	28.0	0.0	0.0	0.0	0.0	0.0
211.5077393533793	2.0	1.0	1.2067866380602936	31476.5311328697	0.25	2.0	0.0	11.0	28.0	1.0	2.0	0.0	0.0	0.4
213.50684465302766	5.5	2.0	0.0	31478.530238169347	0.25	2.0	0.0	11.0	28.0	0.0	0.0	0.0	0.0	0.0
219.02104832293116	0.75	5.0	0.0	31484.04444183925	0.25	2.0	0.0	11.0	28.0	1.0	2.0	0.0	0.0	0.4
219.75427805016807	2.25	0.0	0.0	31484.810730954847	0.25	2.0	0.0	11.0	28.0	0.0	0.0	0.0	0.0	0.0
222.01970838539637	0.0	3.0	0.0	31487.043101901716	0.0	2.0	0.0	5.0	30.0	0.0	0.0	0.0	0.97	0.0
222.03629928124792	3.0	2.0	0.0	31487.059692797568	0.0	2.0	0.0	5.0	30.0	0.0	0.0	0.0	0.97	0.0
225.0183856536387	2.0	1.0	1.2564603169339534	31490.04177916996	0.0	2.0	0.0	5.0	30.0	2.0	1.0	0.0	0.97	0.8
227.01749427370305	5.5	2.0	0.0	31492.040887790023	0.0	2.0	0.0	5.0	30.0	0.0	0.0	0.0	0.97	0.0
232.51504426176325	0.75	5.0	0.0	31497.538437778083	0.0	2.0	0.0	5.0	30.0	2.0	1.0	0.0	0.97	0.8
233.25427805016807	2.25	0.0	0.0	31498.30471844172	0.0	2.0	0.0	5.0	30.0	0.0	0.0	0.0	0.97	0.0
235.51370885206416	0.0	3.0	0.0	31500.537102368384	0.5	2.0	0.0	11.0	70.0	0.0	0.0	0.0	0.0	0.0
235.53034985596605	1.5	2.0	0.0	31500.553743372286	0.5	2.0	0.0	11.0	70.0	0.0	0.0	0.0	0.0	0.0
237.01300990514937	2.0	1.0	0.7331569045454671	31502.03640342147	0.5	2.0	0.0	11.0	70.0	2.0	1.0	0.0	0.0	0.6
239.0121173177904	2.5	2.0	0.0	31504.03551083411	0.5	2.0	0.0	11.0	70.0	0.0	0.0	0.0	0.0	0.0
241.51103682524626	0.75	5.0	0.0	31506.534430341566	0.5	2.0	0.0	11.0	70.0	2.0	1.0	0.0	0.0	0.6
242.25427805016807	3.75	0.0	0.0	31507.30070889221	0.5	2.0	0.0	11.0	70.0	0.0	0.0	0.0	0.0	0.0
246.00903476719395	0.0	3.0	0.0	31511.032428283514	0.0	2.0	0.0	0.0	1.0	0.0	0.0	0.0	1.65	0.0
246.02563834098328	1.5	2.0	0.0	31511.049031857303	0.0	2.0	0.0	0.0	1.0	0.0	0.0	0.0	1.65	0.0
247.50836811884074	2.0	1.0	0.6938803440352785	31512.53176163516	0.0	2.0	0.0	0.0	1.0	2.0	1.0	0.0	1.65	1.0
249.50747583333577	2.5	2.0	0.0	31514.530869349655	0.0	2.0	0.0	0.0	1.0	0.0	0.0	0.0	1.65	0.0
252.00635911810605	0.75	5.0	0.0	31517.029752634426	0.0	2.0	0.0	0.0	1.0	2.0	1.0	0.0	1.65	1.0
252.75427805016807	5.25	0.0	0.0	31517.796035109193	0.0	2.0	0.0	0.0	1.0	0.0	0.0	0.0	1.65	0.0
258.0203516399306	0.0	3.0	0.0	31523.04374515625	0.0	2.0	0.0	11.0	28.0	0.0	0.0	0.0	0.0	0.0
258.03693830980046	6.0	2.0	0.0	31523.06033182612	0.0	2.0	0.0	11.0	28.0	0.0	0.0	0.0	0.0	0.0
264.01768082053604	2.0	1.0	1.1280536110280082	31529.041074336856	0.0	2.0	0.0	11.0	28.0	2.0	1.0	0.0	0.0	0.6
266.01678823317707	4.0	2.0	0.0	31531.040181749497	0.0	2.0	0.0	11.0	28.0	0.0	0.0	0.0	0.0	0.0
270.0150048695905	0.75	5.0	0.0	31535.03839838591	0.0	2.0	0.0	11.0	28.0	2.0	1.0	0.0	0.0	0.6
270.75427805016807	2.25	0.0	0.0	31535.804679049546	0.0	2.0	0.0	11.0	28.0	0.0	0.0	0.0	0.0	0.0
273.0136709691724	0.0	3.0	0.0	31538.037064485492	0.75	1.0	1.0	0.0	1.0	0.0	0.0	0.0	1.65	0.0
273.0302872209031	3.0	2.0	0.0	31538.053680737223	0.75	1.0	1.0	0.0	1.0	0.0	0.0	0.0	1.65	0.0
276.012338276174	2.0	1.0	0.6206905954204558	31541.035731792494	0.75	1.0	1.0	0.0	1.0	1.0	1.0	0.0	1.65	1.0
278.0114447832493	1.0	2.0	0.0	31543.03483829957	0.75	1.0	1.0	0.0	1.0	0.0	0.0	0.0	1.65	0.0
279.0109926033838	0.75	5.0	0.0	31544.034386119703	0.75	1.0	1.0	0.0	1.0	1.0	1.0	1.0	1.65	1.0
279.75427805016807	2.25	0.0	0.0	31544.80066738705	0.75	1.0	1.0	0.0	1.0	0.0	0.0	0.0	1.65	0.0
282.0096638345094	0.0	3.0	0.0	31547.03305735083	0.0	2.0	0.0	5.0	19.0	0.0	0.0	0.0	0.97	0.0
282.0262459765436	4.5	2.0	0.0	31547.049639492863	0.0	2.0	0.0	5.0	19.0	0.0	0.0	0.0	0.97	0.0
286.5076635875921	2.0	1.0	0.6543755806014815	31551.53105710391	0.0	2.0	0.0	5.0	19.0	2.0	1.0	0.0	0.97	0.8
288.5067688872441	1.0	2.0	0.0	31553.530162403564	0.0	2.0	0.0	5.0	19.0	0.0	0.0	0.0	0.97	0.0
289.5063206315026	0.75	5.0	0.0	31554.529714147822	0.0	2.0	0.0	5.0	19.0	2.0	1.0	0.0	0.97	0.8
290.25427805016807	6.75	0.0	0.0	31555.296012620944	0.0	2.0	0.0	5.0	19.0	0.0	0.0	0.0	0.97	0.0
297.0196443919849	0.0	3.0	0.0	31562.043037908305	0.5	2.0	0.0	0.0	85.0	0.0	0.0	0.0	1.65	0.0
297.0362265340191	6.0	2.0	0.0	31562.05962005034	0.5	2.0	0.0	0.0	85.0	0.0	0.0	0.0	1.65	0.0
303.01697478001006	2.0	1.0	0.7036471876599535	31568.04036829633	0.5	2.0	0.0	0.0	85.0	2.0	1.0	0.0	1.65	1.0
305.0160713258447	4.0	2.0	0.0	31570.039464842164	0.5	2.0	0.0	0.0	85.0	0.0	0.0	0.0	1.65	0.0
309.0143003383455	0.75	5.0	0.0	31574.037693854665	0.5	2.0	0.0	0.0	85.0	2.0	1.0	0.0	1.65	1.0
309.75427805016807	3.75	0.0	0.0	31574.803975725725	0.5	2.0	0.0	0.0	85.0	0.0	0.0	0.0	1.65	0.0
313.51229737472386	0.0	3.0	0.0	31578.535690891043	1.0	2.0	1.0	0.0	57.0	0.0	0.0	0.0	1.65	0.0
313.52887619634566	1.5	2.0	0.0	31578.552269712665	1.0	2.0	1.0	0.0	57.0	0.0	0.0	0.0	1.65	0.0
315.01163253750565	2.0	1.0	0.6204871446643665	31580.035026053825	1.0	2.0	1.0	0.0	57.0	2.0	1.0	0.0	1.65	1.0
317.01074055385834	1.0	2.0	0.0	31582.034134070178	1.0	2.0	1.0	0.0	57.0	0.0	0.0	0.0	1.65	0.0
318.01028777028114	0.75	5.0	0.0	31583.0336812866	1.0	2.0	1.0	0.0	57.0	2.0	1.0	1.0	1.65	1.0
318.75427805016807	2.25	0.0	0.0	31583.79996496879	1.0	2.0	1.0	0.0	57.0	0.0	0.0	0.0	1.65	0.0
321.0089577939834	0.0	3.0	0.0	31586.032351310303	0.5	1.0	1.0	11.0	48.0	0.0	0.0	0.0	0.0	0.0
321.0255417471526	6.0	2.0	0.0	31586.048935263472	0.5	1.0	1.0	11.0	48.0	0.0	0.0	0.0	0.0	0.0
327.0062899931472	2.0	1.0	0.7297577073004504	31592.029683509467	0.5	1.0	1.0	11.0	48.0	2.0	2.0	0.0	0.0	0.4
329.00539559465324	2.5	2.0	0.0	31594.028789110973	0.5	1.0	1.0	11.0	48.0	0.0	0.0	0.0	0.0	0.0
331.52093769281055	0.75	5.0	0.0	31596.54433120913	0.5	1.0	1.0	11.0	48.0	2.0	2.0	0.0	0.0	0.4
332.25427805016807	3.75	0.0	0.0	31597.310603420803	0.5	1.0	1.0	11.0	48.0	0.0	0.0	0.0	0.0	0.0
336.01893563475824	0.0	3.0	0.0	31601.042329151078	0.25	1.0	0.0	0.0	30.0	0.0	0.0	0.0	1.65	0.0
336.03552803988714	1.5	2.0	0.0	31601.058921556207	0.25	1.0	0.0	0.0	30.0	0.0	0.0	0.0	1.65	0.0
337.51827230681374	2.0	1.0	0.8097108351503266	31602.541665823133	0.25	1.0	0.0	0.0	30.0	1.0	1.0	0.0	1.65	1.0
339.5173782101774	5.5	2.0	0.0	31604.540771726497	0.25	1.0	0.0	0.0	30.0	0.0	0.0	0.0	1.65	0.0
345.01492940566095	0.75	5.0	0.0	31610.03832292198	0.25	1.0	0.0	0.0	30.0	1.0	1.0	0.0	1.65	1.0
345.75427805016807	8.25	0.0	0.0	31610.804591511387	0.25	1.0	0.0	0.0	30.0	0.0	0.0	0.0	1.65	0.0
354.01092347842496	0.0	3.0	0.0	31619.034316994745	0.5	1.0	1.0	0.0	21.0	0.0	0.0	0.0	1.65	0.0
354.02750803530216	4.5	2.0	0.0	31619.05090155162	0.5	1.0	1.0	0.0	21.0	0.0	0.0	0.0	1.65	0.0
358.5089220240807	2.0	1.0	0.7789236648604856	31623.5323155404	0.5	1.0	1.0	0.0	21.0	1.0	1.0	0.0	1.65	1.0
360.50802883301003	4.0	2.0	0.0	31625.53142234933	0.5	1.0	1.0	0.0	21.0	0.0	0.0	0.0	1.65	0.0
364.50624697870444	0.75	5.0	0.0	31629.529640495024	0.5	1.0	1.0	0.0	21.0	1.0	1.0	1.0	1.65	1.0
365.25427805016807	5.25	0.0	0.0	31630.295932931036	0.5	1.0	1.0	0.0	21.0	0.0	0.0	0.0	1.65	0.0
370.52023255785025	0.0	3.0	0.0	31635.54362607417	0.75	2.0	1.0	0.0	89.0	0.0	0.0	0.0	1.65	0.0
370.5368433761796	4.5	2.0	0.0	31635.5602368925	0.75	2.0	1.0	0.0	89.0	0.0	0.0	0.0	1.65	0.0
375.0182347257796	2.0	1.0	0.6767286002614128	31640.0416282421	0.75	2.0	1.0	0.0	89.0	2.0	1.0	0.0	1.65	1.0
377.01734304398633	4.0	2.0	0.0	31642.040736560306	0.75	2.0	1.0	0.0	89.0	0.0	0.0	0.0	1.65	0.0
381.01555877483406	0.75	5.0	0.0	31646.038952291154	0.75	2.0	1.0	0.0	89.0	2.0	1.0	1.0	1.65	1.0
381.75427805016807	2.25	0.0	0.0	31646.805237482626	0.75	2.0	1.0	0.0	89.0	0.0	0.0	0.0	1.65	0.0
384.01418140719034	0.0	3.0	0.0	31649.03757492351	1.0	2.0	1.0	5.0	32.0	0.0	0.0	0.0	0.97	0.0
384.03080731830414	6.0	2.0	0.0	31649.054200834624	1.0	2.0	1.0	5.0	32.0	0.0	0.0	0.0	0.97	0.0
390.01155013089374	2.0	1.0	0.6514735397249751	31655.034943647213	1.0	2.0	1.0	5.0	32.0	2.0	1.0	0.0	0.97	0.8
392.0106496952867	1.0	2.0	0.0	31657.034043211606	1.0	2.0	1.0	5.0	32.0	0.0	0.0	0.0	0.97	0.0
393.0102153249063	0.75	5.0	0.0	31658.033608841226	1.0	2.0	1.0	5.0	32.0	2.0	1.0	1.0	0.97	0.8
393.75427805016807	2.25	0.0	0.0	31658.799907616205	1.0	2.0	1.0	5.0	32.0	0.0	0.0	0.0	0.97	0.0
396.00888293376556	0.0	3.0	0.0	31661.032276450085	0.25	2.0	1.0	0.0	22.0	0.0	0.0	0.0	1.65	0.0
396.0254674906464	4.5	2.0	0.0	31661.048861006966	0.25	2.0	1.0	0.0	22.0	0.0	0.0	0.0	1.65	0.0
400.5068817812826	2.0	1.0	0.7000605380126217	31665.530275297602	0.25	2.0	1.0	0.0	22.0	2.0	1.0	0.0	1.65	1.0
402.5059873827886	4.0	2.0	0.0	31667.52938089911	0.25	2.0	1.0	0.0	22.0	0.0	0.0	0.0	1.65	0.0
406.50424929756264	0.75	5.0	0.0	31671.527642813882	0.25	2.0	1.0	0.0	22.0	2.0	1.0	1.0	1.65	1.0
407.25427805016807	2.25	0.0	0.0	31672.293865823074	0.25	2.0	1.0	0.0	22.0	0.0	0.0	0.0	1.65	0.0
409.5195331581526	0.0	3.0	0.0	31674.542926674472	0.5	1.0	1.0	11.0	44.0	0.0	0.0	0.0	0.0	0.0
409.53611228162845	1.5	2.0	0.0	31674.559505797948	0.5	1.0	1.0	11.0	44.0	0.0	0.0	0.0	0.0	0.0
411.0188656042301	2.0	1.0	1.012133166914282	31676.04225912055	0.5	1.0	1.0	11.0	44.0	1.0	1.0	0.0	0.0	0.6
413.0179754317178	2.5	2.0	0.0	31678.041368948037	0.5	1.0	1.0	11.0	44.0	0.0	0.0	0.0	0.0	0.0
415.5168563016414	0.75	5.0	0.0	31680.54024981796	0.5	1.0	1.0	11.0	44.0	1.0	1.0	1.0	0.0	0.6
416.25427805016807	5.25	0.0	0.0	31681.306532594586	0.5	1.0	1.0	11.0	44.0	0.0	0.0	0.0	0.0	0.0
421.51418850080154	0.0	3.0	0.0	31686.53758201712	0.25	1.0	0.0	5.0	42.0	0.0	0.0	0.0	0.97	0.0
421.5307667187117	1.5	2.0	0.0	31686.55416023503	0.25	1.0	0.0	5.0	42.0	0.0	0.0	0.0	0.97	0.0
423.01352215430234	2.0	1.0	0.864058146111347	31688.036915670622	0.25	1.0	0.0	5.0	42.0	2.0	2.0	0.0	0.97	0.2
425.01262745395434	4.0	2.0	0.0	31690.036020970274	0.25	1.0	0.0	5.0	42.0	0.0	0.0	0.0	0.97	0.0
429.01084650521443	0.75	5.0	0.0	31694.034240021534	0.25	1.0	0.0	5.0	42.0	2.0	2.0	0.0	0.97	0.2
429.75427805016807	3.75	0.0	0.0	31694.800519779605	0.25	1.0	0.0	5.0	42.0	0.0	0.0	0.0	0.97	0.0
433.50884565458546	0.0	3.0	0.0	31698.532239170905	0.25	1.0	0.0	11.0	98.0	0.0	0.0	0.0	0.0	0.0
433.52542960775463	6.0	2.0	0.0	31698.548823124074	0.25	1.0	0.0	11.0	98.0	0.0	0.0	0.0	0.0	0.0
439.5061769481799	2.0	1.0	0.8032381429766247	31704.5295704645	0.25	1.0	0.0	11.0	98.0	2.0	2.0	0.0	0.0	0.4
441.5052822478283	2.5	2.0	0.0	31706.528675764148	0.25	1.0	0.0	11.0	98.0	0.0	0.0	0.0	0.0	0.0
444.02082706268993	0.75	5.0	0.0	31709.04422057901	0.25	1.0	0.0	11.0	98.0	2.0	2.0	0.0	0.0	0.4
444.75427805016807	3.75	0.0	0.0	31709.810505468624	0.25	1.0	0.0	11.0	98.0	0.0	0.0	0.0	0.0	0.0
448.51882440092595	0.0	3.0	0.0	31713.542217917246	0.0	2.0	0.0	0.0	48.0	0.0	0.0	0.0	1.65	0.0
448.53540775038346	1.5	2.0	0.0	31713.558801266703	0.0	2.0	0.0	0.0	48.0	0.0	0.0	0.0	1.65	0.0
450.0181909567	2.0	1.0	0.6507744418813672	31715.04158447302	0.0	2.0	0.0	0.0	48.0	2.0	1.0	0.0	1.65	1.0
452.01726878748013	4.0	2.0	0.0	31717.0406623038	0.0	2.0	0.0	0.0	48.0	0.0	0.0	0.0	1.65	0.0
456.01548270719286	0.75	5.0	0.0	31721.038876223512	0.0	2.0	0.0	0.0	48.0	2.0	1.0	0.0	1.65	1.0
456.75427805016807	2.25	0.0	0.0	31721.805171376225	0.0	2.0	0.0	0.0	48.0	0.0	0.0	0.0	1.65	0.0
459.0141500141981	0.0	3.0	0.0	31724.037543530518	0.75	2.0	1.0	11.0	34.0	0.0	0.0	0.0	0.0	0.0
459.0307400044803	4.5	2.0	0.0	31724.0541335208	0.75	2.0	1.0	11.0	34.0	0.0	0.0	0.0	0.0	0.0
463.5121479561458	2.0	1.0	0.6208197896667116	31728.535541472465	0.75	2.0	1.0	11.0	34.0	2.0	1.0	0.0	0.0	0.6
465.5112562743525	5.5	2.0	0.0	31730.534649790672	0.75	2.0	1.0	11.0	34.0	0.0	0.0	0.0	0.0	0.0
471.0088059605587	0.75	5.0	0.0	31736.03219947688	0.75	2.0	1.0	11.0	34.0	2.0	1.0	1.0	0.0	0.6
471.75427805016807	5.25	0.0	0.0	31736.798468066285	0.75	2.0	1.0	11.0	34.0	0.0	0.0	0.0	0.0	0.0
477.00612457621173	0.0	3.0	0.0	31742.02951809253	0.0	1.0	0.0	11.0	62.0	0.0	0.0	0.0	0.0	0.0
477.02274988361387	6.0	2.0	0.0	31742.046143399933	0.0	1.0	0.0	11.0	62.0	0.0	0.0	0.0	0.0	0.0
483.0201243425763	2.0	1.0	1.040602085286082	31748.043517858896	0.0	1.0	0.0	11.0	62.0	1.0	1.0	0.0	0.0	0.6
485.01923024593634	4.0	2.0	0.0	31750.042623762256	0.0	1.0	0.0	11.0	62.0	0.0	0.0	0.0	0.0	0.0
489.0174514101891	0.75	5.0	0.0	31754.04084492651	0.0	1.0	0.0	11.0	62.0	1.0	1.0	0.0	0.0	0.6
489.75427805016807	3.75	0.0	0.0	31754.80714400334	0.0	1.0	0.0	11.0	62.0	0.0	0.0	0.0	0.0	0.0
493.5154484465711	0.0	3.0	0.0	31758.53884196289	1.0	1.0	1.0	11.0	28.0	0.0	0.0	0.0	0.0	0.0
493.5320327015943	1.5	2.0	0.0	31758.555426217914	1.0	1.0	1.0	11.0	28.0	0.0	0.0	0.0	0.0	0.0
495.0147821000719	2.0	1.0	0.7819986690628866	31760.03817561639	1.0	1.0	1.0	11.0	28.0	2.0	2.0	0.0	0.0	0.4
497.0138877015779	1.0	2.0	0.0	31762.037281217898	1.0	1.0	1.0	11.0	28.0	0.0	0.0	0.0	0.0	0.0
498.01344246439476	0.75	5.0	0.0	31763.036835980714	1.0	1.0	1.0	11.0	28.0	2.0	2.0	0.0	0.0	0.4
498.75427805016807	5.25	0.0	0.0	31763.803121775894	1.0	1.0	1.0	11.0	28.0	0.0	0.0	0.0	0.0	0.0
504.01077436169726	0.0	3.0	0.0	31769.034167878017	0.0	2.0	0.0	11.0	60.0	0.0	0.0	0.0	0.0	0.0
504.0273525796074	3.0	2.0	0.0	31769.050746095927	0.0	2.0	0.0	11.0	60.0	0.0	0.0	0.0	0.0	0.0
507.00944076313317	2.0	1.0	0.6186585027244291	31772.032834279453	0.0	2.0	0.0	11.0	60.0	2.0	1.0	0.0	0.0	0.6
509.0085520998982	4.0	2.0	0.0	31774.031945616218	0.0	2.0	0.0	11.0	60.0	0.0	0.0	0.0	0.0	0.0
513.0067672270379	0.75	5.0	0.0	31778.030160743358	0.0	2.0	0.0	11.0	60.0	2.0	1.0	0.0	0.0	0.6
513.7542780501681	6.75	0.0	0.0	31778.796437482866	0.0	2.0	0.0	11.0	60.0	0.0	0.0	0.0	0.0	0.0
520.5200867615386	0.0	3.0	0.0	31785.543480277858	0.75	2.0	0.0	0.0	58.0	0.0	0.0	0.0	1.65	0.0
520.536666488726	6.0	2.0	0.0	31785.560060005046	0.75	2.0	0.0	0.0	58.0	0.0	0.0	0.0	1.65	0.0
526.5174168477097	2.0	1.0	0.7667437866221007	31791.54081036403	0.75	2.0	0.0	0.0	58.0	2.0	1.0	0.0	1.65	1.0
528.5165224492157	2.5	2.0	0.0	31793.539915965535	0.75	2.0	0.0	0.0	58.0	0.0	0.0	0.0	1.65	0.0
531.0153670964537	0.75	5.0	0.0	31796.038760612773	0.75	2.0	0.0	0.0	58.0	2.0	1.0	0.0	1.65	1.0
531.7542780501681	8.25	0.0	0.0	31796.805086554767	0.75	2.0	0.0	0.0	58.0	0.0	0.0	0.0	1.65	0.0
540.0114016178813	0.0	3.0	0.0	31805.0347951342	0.0	1.0	0.0	5.0	81.0	0.0	0.0	0.0	0.97	0.0
540.0280317549732	3.0	2.0	0.0	31805.051425271293	0.0	1.0	0.0	5.0	81.0	0.0	0.0	0.0	0.97	0.0
543.0100713397296	2.0	1.0	0.769206325574487	31808.03346485605	0.0	1.0	0.0	5.0	81.0	2.0	2.0	0.0	0.97	0.2
545.0091757338123	1.0	2.0	0.0	31810.032569250132	0.0	1.0	0.0	5.0	81.0	0.0	0.0	0.0	0.97	0.0
546.0087311003408	0.75	5.0	0.0	31811.03212461666	0.0	1.0	0.0	5.0	81.0	2.0	2.0	0.0	0.97	0.2
546.7542780501681	2.25	0.0	0.0	31811.79840709143	0.0	1.0	0.0	5.0	81.0	0.0	0.0	0.0	0.97	0.0
549.0073975017767	0.0	3.0	0.0	31814.030791018096	0.0	1.0	0.0	0.0	81.0	0.0	0.0	0.0	1.65	0.0
549.0239886994823	3.0	2.0	0.0	31814.047382215802	0.0	1.0	0.0	0.0	81.0	0.0	0.0	0.0	1.65	0.0
552.006065110636	2.0	1.0	0.8933764864705154	31817.029458626956	0.0	1.0	0.0	0.0	81.0	1.0	1.0	0.0	1.65	1.0
554.0051698065763	4.0	2.0	0.0	31819.028563322896	0.0	1.0	0.0	0.0	81.0	0.0	0.0	0.0	1.65	0.0
558.0200488786468	0.75	5.0	0.0	31823.043442394966	0.0	1.0	0.0	0.0	81.0	1.0	1.0	0.0	1.65	1.0
558.7542780501681	3.75	0.0	0.0	31823.809723662314	0.0	1.0	0.0	0.0	81.0	0.0	0.0	0.0	1.65	0.0
562.5180456131711	0.0	3.0	0.0	31827.54143912949	0.0	1.0	0.0	5.0	76.0	0.0	0.0	0.0	0.97	0.0
562.5346232273696	3.0	2.0	0.0	31827.55801674369	0.0	1.0	0.0	5.0	76.0	0.0	0.0	0.0	0.97	0.0
565.5167132220304	2.0	1.0	0.9099236132424267	31830.54010673835	0.0	1.0	0.0	5.0	76.0	2.0	2.0	0.0	0.97	0.2
567.515817616113	2.5	2.0	0.0	31832.539211132433	0.0	1.0	0.0	5.0	76.0	0.0	0.0	0.0	0.97	0.0
570.0147042212957	0.75	5.0	0.0	31835.038097737615	0.0	1.0	0.0	5.0	76.0	2.0	2.0	0.0	0.97	0.2
570.7542780501681	2.25	0.0	0.0	31835.804395003317	0.0	1.0	0.0	5.0	76.0	0.0	0.0	0.0	0.97	0.0
573.0133697171659	0.0	3.0	0.0	31838.036763233486	0.25	2.0	0.0	5.0	79.0	0.0	0.0	0.0	0.97	0.0
573.0299639334298	3.0	2.0	0.0	31838.05335744975	0.25	2.0	0.0	5.0	79.0	0.0	0.0	0.0	0.97	0.0
576.0120391371602	2.0	1.0	0.6862141143537883	31841.03543265348	0.25	2.0	0.0	5.0	79.0	2.0	1.0	0.0	0.97	0.8
578.0111447386662	2.5	2.0	0.0	31843.034538254986	0.25	2.0	0.0	5.0	79.0	0.0	0.0	0.0	0.97	0.0
580.5100304382795	0.75	5.0	0.0	31845.5334239546	0.25	2.0	0.0	5.0	79.0	2.0	1.0	0.0	0.97	0.8
581.2542780501681	2.25	0.0	0.0	31846.299722427724	0.25	2.0	0.0	5.0	79.0	0.0	0.0	0.0	0.97	0.0
583.5086968397154	0.0	3.0	0.0	31848.532090356035	0.75	2.0	1.0	5.0	39.0	0.0	0.0	0.0	0.97	0.0
583.5252820003079	3.0	2.0	0.0	31848.548675516628	0.75	2.0	1.0	5.0	39.0	0.0	0.0	0.0	0.97	0.0
586.5073611281623	2.0	1.0	0.6950935021704936	31851.530754644482	0.75	2.0	1.0	5.0	39.0	2.0	1.0	0.0	0.97	0.8
588.5064685408033	5.5	2.0	0.0	31853.529862057123	0.75	2.0	1.0	5.0	39.0	0.0	0.0	0.0	0.97	0.0
594.0206743236959	0.75	5.0	0.0	31859.044067840015	0.75	2.0	1.0	5.0	39.0	2.0	1.0	1.0	0.97	0.8
594.7542780501681	2.25	0.0	0.0	31859.81034488138	0.75	2.0	1.0	5.0	39.0	0.0	0.0	0.0	0.97	0.0
597.0193458566791	0.0	3.0	0.0	31862.042739373	0.75	1.0	0.0	11.0	98.0	0.0	0.0	0.0	0.0	0.0
597.0359337339723	4.5	2.0	0.0	31862.059327250292	0.75	1.0	0.0	11.0	98.0	0.0	0.0	0.0	0.0	0.0
601.5173516468749	2.0	1.0	0.8931896377798694	31866.540745163195	0.75	1.0	0.0	11.0	98.0	2.0	2.0	0.0	0.0	0.4
603.5164530223992	2.5	2.0	0.0	31868.53984653872	0.75	1.0	0.0	11.0	98.0	0.0	0.0	0.0	0.0	0.0
606.0153357034578	0.75	5.0	0.0	31871.038729219777	0.75	1.0	0.0	11.0	98.0	2.0	2.0	0.0	0.0	0.4
606.7542780501681	3.75	0.0	0.0	31871.80501169455	0.75	1.0	0.0	11.0	98.0	0.0	0.0	0.0	0.0	0.0
610.5133324379822	0.0	3.0	0.0	31875.5367259543	0.25	2.0	1.0	5.0	75.0	0.0	0.0	0.0	0.97	0.0
610.529954424972	4.5	2.0	0.0	31875.55334794129	0.25	2.0	1.0	5.0	75.0	0.0	0.0	0.0	0.97	0.0
615.0113321910649	2.0	1.0	0.7579365423298441	31880.034725707384	0.25	2.0	1.0	5.0	75.0	2.0	1.0	0.0	0.97	0.8
617.0104393018519	1.0	2.0	0.0	31882.03383281817	0.25	2.0	1.0	5.0	75.0	0.0	0.0	0.0	0.97	0.0
618.0099904423987	0.75	5.0	0.0	31883.03338395872	0.25	2.0	1.0	5.0	75.0	2.0	1.0	1.0	0.97	0.8
618.7542780501681	2.25	0.0	0.0	31883.799674281738	0.25	2.0	1.0	5.0	75.0	0.0	0.0	0.0	0.97	0.0
621.008658051258	0.0	3.0	0.0	31886.032051567578	1.0	2.0	1.0	0.0	62.0	0.0	0.0	0.0	1.65	0.0
621.0252788308244	1.5	2.0	0.0	31886.048672347144	1.0	2.0	1.0	0.0	62.0	0.0	0.0	0.0	1.65	0.0
622.5079944214594	2.0	1.0	0.732927796056174	31887.53138793778	1.0	2.0	1.0	0.0	62.0	2.0	1.0	0.0	1.65	1.0
624.5070991173998	5.5	2.0	0.0	31889.53049263372	1.0	2.0	1.0	0.0	62.0	0.0	0.0	0.0	1.65	0.0
630.0046466906133	0.75	5.0	0.0	31895.028040206933	1.0	2.0	1.0	0.0	62.0	2.0	1.0	1.0	1.65	1.0
630.7542780501681	3.75	0.0	0.0	31895.794327511398	1.0	2.0	1.0	0.0	62.0	0.0	0.0	0.0	1.65	0.0
634.519308879353	0.0	3.0	0.0	31899.542702395673	0.25	1.0	0.0	5.0	31.0	0.0	0.0	0.0	0.97	0.0
634.5358934362339	4.5	2.0	0.0	31899.559286952554	0.25	1.0	0.0	5.0	31.0	0.0	0.0	0.0	0.97	0.0
639.0173077268664	2.0	1.0	1.031635159317375	31904.040701243186	0.25	1.0	0.0	5.0	31.0	2.0	2.0	0.0	0.97	0.2
641.0164118190951	5.5	2.0	0.0	31906.039805335415	0.25	1.0	0.0	5.0	31.0	0.0	0.0	0.0	0.97	0.0
646.5139633164363	0.75	5.0	0.0	31911.537356832756	0.25	1.0	0.0	5.0	31.0	2.0	2.0	0.0	0.97	0.2
647.2542780501681	5.25	0.0	0.0	31912.30361847948	0.25	1.0	0.0	5.0	31.0	0.0	0.0	0.0	0.97	0.0
652.5112949118848	0.0	3.0	0.0	31917.534688428204	0.5	1.0	0.0	5.0	1.0	0.0	0.0	0.0	0.97	0.0
652.5279147858855	4.5	2.0	0.0	31917.551308302205	0.5	1.0	0.0	5.0	1.0	0.0	0.0	0.0	0.97	0.0
657.0092937593981	2.0	1.0	0.7516980901964416	31922.032687275718	0.5	1.0	0.0	5.0	1.0	2.0	2.0	0.0	0.97	0.2
659.0083984553385	5.5	2.0	0.0	31924.031791971658	0.5	1.0	0.0	5.0	1.0	0.0	0.0	0.0	0.97	0.0
664.5059502545337	0.75	5.0	0.0	31929.529343770853	0.5	1.0	0.0	5.0	1.0	2.0	2.0	0.0	0.97	0.2
665.2542780501681	8.25	0.0	0.0	31930.29561658624	0.5	1.0	0.0	5.0	1.0	0.0	0.0	0.0	0.97	0.0
673.5186043481044	0.0	3.0	0.0	31938.541997864424	1.0	1.0	1.0	0.0	6.0	0.0	0.0	0.0	1.65	0.0
673.53519916808	6.0	2.0	0.0	31938.5585926844	1.0	1.0	1.0	0.0	6.0	0.0	0.0	0.0	1.65	0.0
679.5159350379872	2.0	1.0	0.6600933316221926	31944.539328554307	1.0	1.0	1.0	0.0	6.0	1.0	1.0	0.0	1.65	1.0
681.5150406394932	1.0	2.0	0.0	31946.538434155813	1.0	1.0	1.0	0.0	6.0	0.0	0.0	0.0	1.65	0.0
682.5145963078758	0.75	5.0	0.0	31947.537989824195	1.0	1.0	1.0	0.0	6.0	1.0	1.0	1.0	1.65	1.0
683.2542780501681	3.75	0.0	0.0	31948.30426445072	1.0	1.0	1.0	0.0	6.0	0.0	0.0	0.0	1.65	0.0
687.0125921368344	0.0	3.0	0.0	31952.035985653154	0.75	2.0	1.0	11.0	57.0	0.0	0.0	0.0	0.0	0.0
687.0291905790764	6.0	2.0	0.0	31952.052584095396	0.75	2.0	1.0	11.0	57.0	0.0	0.0	0.0	0.0	0.0
693.0099270526953	2.0	1.0	0.7573793166739051	31958.033320569015	0.75	2.0	1.0	11.0	57.0	2.0	1.0	0.0	0.0	0.6
695.0090302393583	5.5	2.0	0.0	31960.032423755678	0.75	2.0	1.0	11.0	57.0	0.0	0.0	0.0	0.0	0.0
700.5065817366958	0.75	5.0	0.0	31965.529975253015	0.75	2.0	1.0	11.0	57.0	2.0	1.0	1.0	0.0	0.6
701.2542780501681	3.75	0.0	0.0	31966.29624776655	0.75	2.0	1.0	11.0	57.0	0.0	0.0	0.0	0.0	0.0
705.0045854139025	0.0	3.0	0.0	31970.027978930222	0.5	2.0	1.0	5.0	69.0	0.0	0.0	0.0	0.97	0.0
705.0211998545019	6.0	2.0	0.0	31970.04459337082	0.5	2.0	1.0	5.0	69.0	0.0	0.0	0.0	0.97	0.0
711.018571294906	2.0	1.0	0.73325983734685	31976.041964811226	0.5	2.0	1.0	5.0	69.0	2.0	1.0	0.0	0.97	0.8
713.017675085277	5.5	2.0	0.0	31978.041068601597	0.5	2.0	1.0	5.0	69.0	0.0	0.0	0.0	0.97	0.0
718.5152286956072	0.75	5.0	0.0	31983.538622211927	0.5	2.0	1.0	5.0	69.0	2.0	1.0	1.0	0.97	0.8
719.2542780501681	2.25	0.0	0.0	31984.30489532917	0.5	2.0	1.0	5.0	69.0	0.0	0.0	0.0	0.97	0.0
721.5138941914774	0.0	3.0	0.0	31986.537287707797	0.25	2.0	0.0	0.0	41.0	0.0	0.0	0.0	1.65	0.0
721.5305074246498	1.5	2.0	0.0	31986.55390094097	0.25	2.0	0.0	0.0	41.0	0.0	0.0	0.0	1.65	0.0
723.0132148651828	2.0	1.0	0.8653660869385931	31988.036608381502	0.25	2.0	0.0	0.0	41.0	2.0	1.0	0.0	1.65	1.0
725.0123358613309	2.5	2.0	0.0	31990.03572937765	0.25	2.0	0.0	0.0	41.0	0.0	0.0	0.0	1.65	0.0
727.5112327296083	0.75	5.0	0.0	31992.534626245928	0.25	2.0	0.0	0.0	41.0	2.0	1.0	0.0	1.65	1.0
728.2542780501681	2.25	0.0	0.0	31993.300887590794	0.25	2.0	0.0	0.0	41.0	0.0	0.0	0.0	1.65	0.0
730.5098864531028	0.0	3.0	0.0	31995.533279969422	1.0	2.0	1.0	11.0	3.0	0.0	0.0	0.0	0.0	0.0
730.5265027048335	6.0	2.0	0.0	31995.549896221153	1.0	2.0	1.0	11.0	3.0	0.0	0.0	0.0	0.0	0.0
736.5072159355623	2.0	1.0	1.2830399203630805	32001.530609451882	1.0	2.0	1.0	11.0	3.0	1.0	2.0	0.0	0.0	0.4
738.506322442634	4.0	2.0	0.0	32003.529715958954	1.0	2.0	1.0	11.0	3.0	0.0	0.0	0.0	0.0	0.0
742.5045454180217	0.75	5.0	0.0	32007.52793893434	1.0	2.0	1.0	11.0	3.0	1.0	2.0	0.0	0.0	0.4
743.2542780501681	2.25	0.0	0.0	32008.294183375292	1.0	2.0	1.0	11.0	3.0	0.0	0.0	0.0	0.0	0.0
745.5198670105747	0.0	3.0	0.0	32010.543260526894	0.5	2.0	1.0	5.0	74.0	0.0	0.0	0.0	0.97	0.0
745.5364841678747	1.5	2.0	0.0	32010.559877684194	0.5	2.0	1.0	5.0	74.0	0.0	0.0	0.0	0.97	0.0
747.0191867787144	2.0	1.0	0.6672865533910226	32012.042580295034	0.5	2.0	1.0	5.0	74.0	2.0	1.0	0.0	0.97	0.8
749.0182950969211	1.0	2.0	0.0	32014.04168861324	0.5	2.0	1.0	5.0	74.0	0.0	0.0	0.0	0.97	0.0
750.0178583116976	0.75	5.0	0.0	32015.041251828017	0.5	2.0	1.0	5.0	74.0	2.0	1.0	1.0	0.97	0.8
750.7542780501681	2.25	0.0	0.0	32015.8075403399	0.5	2.0	1.0	5.0	74.0	0.0	0.0	0.0	0.97	0.0
753.0165283354036	0.0	3.0	0.0	32018.039921851723	1.0	1.0	1.0	0.0	23.0	0.0	0.0	0.0	1.65	0.0
753.0331288906345	3.0	2.0	0.0	32018.056522406954	1.0	1.0	1.0	0.0	23.0	0.0	0.0	0.0	1.65	0.0
756.0151962461168	2.0	1.0	0.6547864062340523	32021.038589762436	1.0	1.0	1.0	0.0	23.0	1.0	1.0	0.0	1.65	1.0
758.0143015457688	5.5	2.0	0.0	32023.03769506209	1.0	1.0	1.0	0.0	23.0	0.0	0.0	0.0	1.65	0.0
763.5118539486757	0.75	5.0	0.0	32028.535247464995	1.0	1.0	1.0	0.0	23.0	1.0	1.0	1.0	1.65	1.0
764.2542780501681	5.25	0.0	0.0	32029.301517865537	1.0	1.0	1.0	0.0	23.0	0.0	0.0	0.0	1.65	0.0
769.5091849404125	0.0	3.0	0.0	32034.532578456732	0.0	1.0	0.0	0.0	5.0	0.0	0.0	0.0	1.65	0.0
769.5258102478147	6.0	2.0	0.0	32034.549203764134	0.0	1.0	0.0	0.0	5.0	0.0	0.0	0.0	1.65	0.0
775.506524082255	2.0	1.0	0.7875763590272982	32040.529917598575	0.0	1.0	0.0	0.0	5.0	1.0	1.0	0.0	1.65	1.0
777.5056185151007	5.5	2.0	0.0	32042.52901203142	0.0	1.0	0.0	0.0	5.0	0.0	0.0	0.0	1.65	0.0
783.0198197701575	0.75	5.0	0.0	32048.043213286477	0.0	1.0	0.0	0.0	5.0	1.0	1.0	0.0	1.65	1.0
783.7542780501681	5.25	0.0	0.0	32048.809495157533	0.0	1.0	0.0	0.0	5.0	0.0	0.0	0.0	1.65	0.0
789.0171483470476	0.0	3.0	0.0	32054.040541863367	1.0	1.0	1.0	5.0	85.0	0.0	0.0	0.0	0.97	0.0
789.0337639950667	6.0	2.0	0.0	32054.057157511386	1.0	1.0	1.0	5.0	85.0	0.0	0.0	0.0	0.97	0.0
795.0144929222915	2.0	1.0	1.0544687332803733	32060.03788643861	1.0	1.0	1.0	5.0	85.0	2.0	2.0	0.0	0.97	0.2
797.0135997312209	4.0	2.0	0.0	32062.03699324754	1.0	1.0	1.0	5.0	85.0	0.0	0.0	0.0	0.97	0.0
801.0118166694956	0.75	5.0	0.0	32066.035210185815	1.0	1.0	1.0	5.0	85.0	2.0	2.0	0.0	0.97	0.2
801.7542780501681	3.75	0.0	0.0	32066.801494169864	1.0	1.0	1.0	5.0	85.0	0.0	0.0	0.0	0.97	0.0
805.5098318172168	0.0	3.0	0.0	32070.533225333536	0.75	1.0	1.0	0.0	25.0	0.0	0.0	0.0	1.65	0.0
805.5264151666743	4.5	2.0	0.0	32070.549808682994	0.75	1.0	1.0	0.0	25.0	0.0	0.0	0.0	1.65	0.0
810.0078155719457	2.0	1.0	0.7094950384962431	32075.031209088265	0.75	1.0	1.0	0.0	25.0	1.0	1.0	0.0	1.65	1.0
812.0069193623203	4.0	2.0	0.0	32077.03031287864	0.75	1.0	1.0	0.0	25.0	0.0	0.0	0.0	1.65	0.0
816.0051526007992	0.75	5.0	0.0	32081.02854611712	0.75	1.0	1.0	0.0	25.0	1.0	1.0	1.0	1.65	1.0
816.7542780501681	2.25	0.0	0.0	32081.79478391724	0.75	1.0	1.0	0.0	25.0	0.0	0.0	0.0	1.65	0.0
819.0204515541736	0.0	3.0	0.0	32084.043845070493	1.0	2.0	1.0	11.0	83.0	0.0	0.0	0.0	0.0	0.0
819.0370738430211	3.0	2.0	0.0	32084.06046735934	1.0	2.0	1.0	11.0	83.0	0.0	0.0	0.0	0.0	0.0
822.0191167481862	2.0	1.0	0.6176503046262951	32087.042510264506	1.0	2.0	1.0	11.0	83.0	2.0	1.0	0.0	0.0	0.6
824.0182368387686	2.5	2.0	0.0	32089.04163035509	1.0	2.0	1.0	11.0	83.0	0.0	0.0	0.0	0.0	0.0
826.5171225383856	0.75	5.0	0.0	32091.540516054705	1.0	2.0	1.0	11.0	83.0	2.0	1.0	1.0	0.0	0.6
